,mean,std,min,max,missing_values
height,169.66666666666666,7.118052168020874,160.0,180.0,0
weight,67.4,9.528903399657276,55.0,80.0,1
age,30.0,7.810249675906654,21.0,41.0,1
income,29000.0,12529.964086141668,18000.0,50000.0,1
